topic,gbp_post,scheduled_date,status,yt_script,yt_url,social_caption,cluster,intent,linkedin_status,linkedin_posted_at,linkedin_post_id,facebook_status,facebook_posted_at,facebook_post_id,gbp_status,last_error,created_at
“What happens if you die without a will in Texas”,"What happens if you die without a will in Texas? Your loved ones could face a lengthy, expensive process called intestate succession in Texas, where the state decides who inherits your assets instead of you.

Without a clear plan, your family in Tyler might spend months or even years in probate court while your estate sits frozen. The state follows a strict order of inheritance that may not match your wishes at all. Your children, spouse, or chosen causes could be left out entirely.

Here's the good news: creating a will is straightforward and affordable. Whether you're in Tyler or anywhere across East Texas, having a proper estate plan gives you control over your legacy and protects your family from unnecessary stress and costs.

Ready to take control of your future? Learn more about wills and estate planning at mytxestateplan.com/wills, or reach out to discuss your situation. Your family's peace of mind is worth the conversation.",3/28/2026,DONE,"# ESTATE PLANNING SHORTS: ""DYING WITHOUT A WILL IN TEXAS""

---

**[HOOK - 0:00-0:03]**

""So you think you don't need a will? Great. Let the state of Texas make all your decisions instead. What could go wrong?""

---

**[CORE CONTENT - 0:03-0:38]**

""Here's what happens when you die intestate—that's lawyer for 'oopsie, forgot the will.' Texas has what we call 'intestacy laws.' Basically, the state gets to play estate Tetris with your stuff.

Your kids, spouse, or parents—whoever they decide—get everything. Not in the order *you'd* want. The order *they* want. 

And the worst part? Your family still has to go to court. They'll spend thousands in legal fees and months of their lives fighting over your fishing rod while I'm over here thinking, 'This could've been a two-page document.'

Don't be that guy. Seriously. I see this every week, and it's never pretty.""

---

**[CTA - 0:38-0:45]**

""Get a will. Now. Visit mytxestateplan.com. Your family will thank you. Probably with cake.""

---

**[END - 0:45]**",,"What happens to your stuff when you're gone? In Texas, without a will, the state gets to decide—and spoiler alert: their plan probably isn't your plan. Intestate succession means your family could spend months or years in probate court while your assets sit frozen and your wishes get ignored. The fix is simple: a straightforward will puts YOU in control of your legacy and keeps your loved ones out of legal limbo. Call (903) 561-8644 or visit https://mytxestateplan.com to get started today.",die without a will Texas,"intestate succession Texas, no will probate Tyler TX, dying without a will East Texas",Probate,READY,https://mytxestateplan.com/wills,,READY,,,,4/17/2026
What is a Living Trust?,"What is a Living Trust?

A living trust is one of the most effective estate planning tools available. Simply put, it's a legal document that holds your assets during your lifetime and transfers them to your loved ones after you pass away, all without going through probate court.

Here in Tyler, Texas, many families choose living trusts to avoid the lengthy and costly probate process. With a living trust, you maintain control of your property while you're alive, and you can make changes whenever you need to. When you're gone, your designated trustee handles the transfer smoothly and privately.

This approach offers real peace of mind for East Texas families who want to protect their legacy and make things easier for their loved ones during difficult times.

If you're wondering whether a living trust makes sense for your situation, we're here to help. Call us today to discuss your estate planning needs.",3/29/2026,DONE,"# LIVING TRUST EXPLAINER - 45 SEC SCRIPT

**[HOOK - 0:00-0:03]**
""Your will is basically a roadmap that only gets read after you're dead. A living trust? That's you planning ahead like an actual adult.""

**[CORE - 0:03-0:38]**
""A living trust lets you control your assets while you're alive, then automatically transfers them when you're not. No probate. No six-month waiting period. No your brother-in-law arguing that Aunt Carol wanted HIM to have the china.

You fund it with your property, name yourself as trustee—fancy word for 'in charge'—and pick someone to take over when you can't. It's private, it's efficient, and honestly? It's cheaper than therapy after watching families fight over a living room set.

Plus, if you ever get incapacitated, your successor trustee steps in. No court involvement. No drama.""

**[CTA - 0:38-0:45]**
""Sound smart? Let's make it happen. Head to mytxestateplan.com or call us in Tyler. Because planning beats chaos every single time.""",,"Avoid probate court like you avoid traffic on I-20 – a living trust is your ticket to a smoother, faster, and private transfer of assets to your loved ones, all while you're still in control. Here in East Texas, families are discovering that this powerful estate planning tool protects their legacy and saves their heirs thousands in court costs and headaches. Ready to explore if a living trust is right for you? Call (903) 561-8644 or visit https://mytxestateplan.com today.",,"A quick note from a Texas estate attorney on What is a Living Trust?

A living trust is one of the most effective estate planning tools available. Simply put, it's a legal document that holds your assets during your lifetime and transfers them to your loved ones after you pass away, all without going through probate court.

Here in Tyler, Texas, many families choose living trusts to avoid the lengthy and costly probate process. With a living trust, you maintain control of your property while you're alive, and you can make changes whenever you need to. When you're gone, your designated trustee handles the transfer smoothly and privately.

This approach offers real peace of mind for East Texas families who want to protect their legacy and make things easier for their loved ones during difficult times.

If you're wondering whether a living trust makes sense for your situation, we're here to help. Call us today to discuss your estate planning needs.: a simple plan now saves your family the expense and delay of probate later. At My Texas Estate Plan we help Tyler, TX families put the right documents in place — a will, powers of attorney, and the right trust for your situation. Call (903) 705-7445 or visit mytxestateplan.com to schedule. More info: https://mytxestateplan.com",Ready,Posted,4/18/2026,dryrun_1776552199224,Posted,4/18/2026,dryrun_1776552208416,,4/18/2026
Powers of Attorney Explained,"Powers of Attorney Explained

A power of attorney is one of the most important documents you can have in your estate plan. Simply put, it gives someone you trust the authority to make decisions on your behalf if you become unable to do so.

Here in Tyler, we see families face unexpected health challenges all the time. Without a power of attorney in place, your loved ones might need to go to court to manage your finances or healthcare decisions. That's expensive and time consuming.

There are different types of powers of attorney documents. A financial power of attorney handles money matters, while a healthcare power of attorney covers medical decisions. You can make them effective immediately or only when needed.

The best time to set up a power of attorney is now, while you're healthy and able to make clear decisions about who you trust.

We are here to help you get your estate planning documents in order. Call us today to schedule a consultation.",3/30/2026,DONE,"# Powers of Attorney Explained | 45-Second Script

**[HOOK — 0-3 seconds]**
Your spouse can't access your bank account when you're in the hospital. Surprise! That's what a power of attorney fixes. You're welcome.

**[CORE CONTENT — 3-38 seconds]**
Look, a power of attorney is basically a legal document that says, ""Hey, when I can't handle my own affairs—whether it's tomorrow or in twenty years—this person can sign stuff on my behalf."" 

Without one, your family gets to have a *real fun* time convincing a judge to let them pay your bills. Spoiler alert: it costs money and takes forever.

There's the financial POA, the healthcare POA, and the durable POA—which keeps working even if you become incapacitated. It's like insurance, except it actually prevents arguments.

**[CTA — 38-45 seconds]**
Don't be the person who makes their family fight in court. Get this handled. Visit **mytxestateplan.com** today. We're in Tyler, Texas, and we handle this stuff so you don't have to worry about it.",,"What happens to your finances if you can't make decisions? A power of attorney puts that control in trusted hands—without a costly court battle. In Tyler, we help families protect themselves with the right estate planning documents. Call (903) 561-8644 or visit https://mytxestateplan.com to schedule your consultation today.",,"Here's what most families get wrong about Powers of Attorney Explained

A power of attorney is one of the most important documents you can have in your estate plan. Simply put, it gives someone you trust the authority to make decisions on your behalf if you become unable to do so.

Here in Tyler, we see families face unexpected health challenges all the time. Without a power of attorney in place, your loved ones might need to go to court to manage your finances or healthcare decisions. That's expensive and time consuming.

There are different types of powers of attorney documents. A financial power of attorney handles money matters, while a healthcare power of attorney covers medical decisions. You can make them effective immediately or only when needed.

The best time to set up a power of attorney is now, while you're healthy and able to make clear decisions about who you trust.

We are here to help you get your estate planning documents in order. Call us today to schedule a consultation.: a simple plan now saves your family the expense and delay of probate later. At My Texas Estate Plan we help Tyler, TX families put the right documents in place — a will, powers of attorney, and the right trust for your situation. Call (903) 705-7445 or visit mytxestateplan.com to schedule. More info: https://mytxestateplan.com",Ready,Failed,,,Failed,,,,4/18/2026
Avoiding Probate in Texas,"Avoiding Probate in Texas

Here in Tyler, many folks don't realize that probate can be time consuming and expensive for their families. The good news? There are several smart ways to keep your estate out of probate court.

Setting up a revocable living trust is one of the most popular options. It lets your family avoid the probate process entirely while you maintain control of your assets during your lifetime. Other strategies include naming beneficiaries on accounts, owning property as joint tenants, and using transfer on death deeds.

Every situation is unique, and what works best depends on your family's needs and goals. The earlier you plan, the more options you have.

If you're concerned about what happens to your estate after you're gone, we're here to help. Our team at our Tyler office can walk you through your options and create a plan that fits your life.

Call us today for a consultation.",3/31/2026,DONE,"Your family doesn't need to fight in probate court over who gets grandma's china. Trust me, I've seen it happen. Here's how to avoid that nightmare in Texas.

Set up a revocable living trust. You put your assets in it, you control it while you're alive, and when you're gone, it transfers to whoever you want without court involvement. No probate. No judges. No drama.

You can also use payable-on-death accounts and transfer-on-death deeds. Texas loves these things because they're simple and they work.

The bad news? Most people don't do this. Then their kids end up spending thousands on probate fees while fighting over furniture.

Don't be that person. Get it done now.

Head to mytxestateplan.com to actually handle this instead of leaving your family a legal mess. Your inheritance tax bracket will thank you.",,"Your family doesn't have to fight probate court to settle your estate—and you don't have to wait until it's too late to do something about it. A revocable living trust, beneficiary designations, or transfer on death deeds can keep your Tyler assets out of the probate process entirely while you maintain full control during your lifetime. Let's talk about which strategy makes sense for your family's situation—call (903) 561-8644 or visit https://mytxestateplan.com today.",,"If you live in Tyler, TX, you should know this about Avoiding Probate in Texas

Here in Tyler, many folks don't realize that probate can be time consuming and expensive for their families. The good news? There are several smart ways to keep your estate out of probate court.

Setting up a revocable living trust is one of the most popular options. It lets your family avoid the probate process entirely while you maintain control of your assets during your lifetime. Other strategies include naming beneficiaries on accounts, owning property as joint tenants, and using transfer on death deeds.

Every situation is unique, and what works best depends on your family's needs and goals. The earlier you plan, the more options you have.

If you're concerned about what happens to your estate after you're gone, we're here to help. Our team at our Tyler office can walk you through your options and create a plan that fits your life.

Call us today for a consultation.: a simple plan now saves your family the expense and delay of probate later. At My Texas Estate Plan we help Tyler, TX families put the right documents in place — a will, powers of attorney, and the right trust for your situation. Call (903) 705-7445 or visit mytxestateplan.com to schedule. More info: https://mytxestateplan.com",Ready,Failed,,,Failed,,,,4/18/2026
Guardianship Planning for Parents,"One of the most important decisions you'll make as a parent is planning for your children's future. What happens to your kids if something unexpected happens to you? That's where guardianship planning comes in.

Many East Texas families don't realize they can choose who cares for their children if they're no longer able to. Without a guardianship plan in place, the court decides, and it might not reflect your wishes.

At our Tyler law firm, we help parents make these tough decisions with confidence. We'll walk you through naming guardians, setting up provisions for their care, and protecting your family's future.

This peace of mind is priceless. Knowing your children will be cared for by people you trust makes all the difference.

If you have children, guardianship planning should be part of your estate plan. We are here to help you get it done right. Call us today to schedule your consultation.",4/1/2026,DONE,"Your kids are adorable. Until they're not. And if something happens to you, who gets to raise them? Your ex? Your sister who thinks essential oils cure everything? Yeah, that's what I thought. That's why guardianship planning exists. You pick who raises your kids. Crazy concept, I know. You'll name a guardian in your will, an alternate guardian, and maybe a third one because your first choice will probably say no. You'll also name someone to manage their money because spoiler alert: kids are terrible with finances. We have a simple process at my office that takes one afternoon and costs way less than the custody battle your family will have if you don't do this. Visit mytxestateplan.com or call us. Your kids deserve better than a judge making this decision. Trust me, I've seen judges. They're just people too.",,"Your kids deserve a plan, not a question mark. Without guardianship planning in place, a court—not you—gets to decide who raises your children if something happens to you. At our Tyler law firm, we help East Texas parents make these critical decisions with confidence, so you can rest easy knowing your family's future is exactly as you want it. Call (903) 561-8644 or visit https://mytxestateplan.com to schedule your consultation today.",,"One of the most important decisions you'll make as a parent is planning for your children's future. What happens to your kids if something unexpected happens to you? That's where guardianship planning comes in.

Many East Texas families don't realize they can choose who cares for their children if they're no longer able to. Without a guardianship plan in place, the court decides, and it might not reflect your wishes.

At our Tyler law firm, we help parents make these tough decisions with confidence. We'll walk you through naming guardians, setting up provisions for their care, and protecting your family's future.

This peace of mind is priceless. Knowing your children will be cared for by people you trust makes all the difference.

If you have children, guardianship planning should be part of your estate plan. We are here to help you get it done right. Call us today to schedule your consultation.

A simple plan now saves your family the expense and delay of probate. Call (903) 561-8644 or visit https://mytxestateplan.com",,READY,,,READY,,,,4/17/2026
Estate Planning for Blended Families,"Blended families are more common than ever here in Tyler and East Texas. If you're in a blended family situation, estate planning becomes even more important. Without a clear plan in place, disagreements can arise between your current spouse, children from previous relationships, and other loved ones.

A solid estate plan addresses these concerns head on. We can help you create a will or trust that clearly outlines your wishes and protects everyone involved. Whether you want to provide for a surviving spouse while also ensuring your children receive their inheritance, or you need to update beneficiary designations, we've got you covered.

The peace of mind that comes from proper estate planning is priceless. Don't leave your family's future to chance. Give us a call today to discuss your unique situation and get your estate plan in order.",4/2/2026,DONE,"Your blended family is like a recipe where nobody agreed on the ingredients, but everyone's expecting cake. Without proper estate planning, your kids from marriage number one, your spouse from marriage number two, and that stepchild nobody talks about are about to have the family feud that makes reality TV look tame.

I've seen it. Blended families fighting over who gets the house, who gets the retirement account, and why stepmom suddenly cares about the china. Spoiler alert: they didn't.

Here's the thing. You need a will that actually addresses your blended situation. You need to name guardians for minor kids. You need beneficiary designations that match your will. And you probably need to have an awkward conversation with your spouse about it.

It's not fun. It's not exciting. But it beats your family discovering they hate each other over probate.

Go to mytxestateplan.com. Let's make sure your blended family stays blended, not shredded. I'm an estate planning attorney in Tyler, and I promise this conversation is way less painful than the alternative.",,"Got a blended family? Then you definitely need a blended estate plan. Without clear documentation, your current spouse, kids from previous relationships, and other loved ones could end up in costly disagreements over your wishes. Let's create a solid plan that protects everyone and gives you the peace of mind you deserve. Call (903) 561-8644 or visit https://mytxestateplan.com",,"Blended families are more common than ever here in Tyler and East Texas. If you're in a blended family situation, estate planning becomes even more important. Without a clear plan in place, disagreements can arise between your current spouse, children from previous relationships, and other loved ones.

A solid estate plan addresses these concerns head on. We can help you create a will or trust that clearly outlines your wishes and protects everyone involved. Whether you want to provide for a surviving spouse while also ensuring your children receive their inheritance, or you need to update beneficiary designations, we've got you covered.

The peace of mind that comes from proper estate planning is priceless. Don't leave your family's future to chance. Give us a call today to discuss your unique situation and get your estate plan in order.

A simple plan now saves your family the expense and delay of probate. Call (903) 561-8644 or visit https://mytxestateplan.com",,READY,,,READY,,,,4/17/2026
How to Update Your Beneficiaries,"Life changes happen, and your beneficiaries might need updating. Whether you've gotten married, had children, or your circumstances have shifted here in Tyler, keeping your estate plan current is crucial.

Many folks don't realize that outdated beneficiary designations can create real problems for their families. If you've experienced major life events, it's time to review your will, trust, and insurance policies. What you set up years ago might not reflect what you want today.

The good news? Updating beneficiaries is straightforward when you have the right guidance. Our estate planning team here in Tyler understands East Texas families and can help ensure your wishes are clear and legally sound.

Don't leave your family wondering what you intended. Give us a call today so we can review your current plan and make any necessary updates. We're here to help you protect what matters most.",4/3/2026,DONE,"Your ex-wife probably shouldn't still be your beneficiary. Just a thought.

Hi, I'm an estate planning attorney in Tyler, Texas, and I've seen more family drama than a reality TV show because people don't update their beneficiaries. Here's the thing: just because you named someone twenty years ago doesn't mean they should get your stuff today. Life changes. People change. Sometimes for the better, sometimes for the worse—usually worse if they're an ex.

You need to review your beneficiaries on life insurance, retirement accounts, and bank accounts. These bypass your will entirely, which is great until you realize your college ex is about to get your 401k. It happens more than you'd think, and it's hilarious until it's your family fighting about it.

Update your beneficiaries. Update your will. Update your trust. Don't be the cautionary tale I tell other clients.

Visit mytxestateplan.com to get your estate plan in order before your relatives get ideas.",,"Life throws curveballs—marriage, kids, promotions—but does your estate plan know about them? Outdated beneficiary designations can create real headaches for the people you love most, which is why Tyler families trust us to keep their plans current and legally airtight. Whether it's been a year or a decade since you last reviewed your will, trust, and insurance policies, we're here to make sure your wishes are crystal clear. Call (903) 561-8644 or visit https://mytxestateplan.com to schedule your beneficiary review today.",,"Life changes happen, and your beneficiaries might need updating. Whether you've gotten married, had children, or your circumstances have shifted here in Tyler, keeping your estate plan current is crucial.

Many folks don't realize that outdated beneficiary designations can create real problems for their families. If you've experienced major life events, it's time to review your will, trust, and insurance policies. What you set up years ago might not reflect what you want today.

The good news? Updating beneficiaries is straightforward when you have the right guidance. Our estate planning team here in Tyler understands East Texas families and can help ensure your wishes are clear and legally sound.

Don't leave your family wondering what you intended. Give us a call today so we can review your current plan and make any necessary updates. We're here to help you protect what matters most.

A simple plan now saves your family the expense and delay of probate. Call (903) 561-8644 or visit https://mytxestateplan.com",,READY,,,READY,,,,4/17/2026
What Happens If You Die Without a Will in Texas,"What Happens If You Die Without a Will in Texas?

Many folks here in Tyler don't realize what happens when someone passes away without a will. In Texas, your estate goes through something called intestate succession, which basically means the state decides who gets your assets. Your kids, spouse, or parents might inherit, but probably not in the way you'd want.

Without a will, your family could face months of court proceedings, increased legal fees, and unnecessary stress during an already difficult time. Plus, if you have minor children, a judge will decide who raises them, not you.

The good news? Creating a will is straightforward and affordable. It gives you complete control over your legacy and protects your loved ones.

Don't leave your family's future to chance. Call us today to discuss your estate planning needs. We are here to help you protect what matters most.",4/4/2026,DONE,"# SCRIPT

So you think dying without a will in Texas sounds fun? Spoiler alert: it's not. It's actually the legal equivalent of a surprise party nobody wanted.

Here's what happens. The state takes over. Your assets go through probate—which is basically the court system's way of saying, ""We're gonna take our sweet time and your family's gonna pay us for it."" Your estate gets divided according to Texas intestacy laws, not your wishes. Your spouse might get half, your kids split the rest—if you have kids. No kids? Your parents inherit. No parents? Siblings. It's like a twisted game show where the state decides who wins your stuff.

And if you've got minor children? The court appoints a guardian. Maybe it's who you would've picked. Maybe it's not. You're not there to object, so... good luck.

Don't be that person. Get a will. It takes an afternoon and costs way less than the family drama that follows.

Visit mytxestateplan.com today. Your family will thank you. Or at least won't hate each other.",,"Here's a LinkedIn version:

What happens to your Tyler home, bank accounts, and family decisions if you pass away without a will? Spoiler alert: Texas law decides, not you. Without a will, your loved ones face months of court battles, sky-high legal fees, and a judge picking your kids' guardian instead of you making that call. The fix? A straightforward will that costs way less than probate and gives you total control. Don't leave your family's future to the state—call (903) 561-8644 or visit https://mytxestateplan.com to protect what matters most.

---

Here's a Facebook version:

Think you don't need a will? Texas thinks otherwise—and the state will make your family's biggest decisions for you. No will means months of probate court, hefty legal bills, and a judge deciding who raises your kids. Your spouse and children might not inherit like you'd",,"What Happens If You Die Without a Will in Texas?

Many folks here in Tyler don't realize what happens when someone passes away without a will. In Texas, your estate goes through something called intestate succession, which basically means the state decides who gets your assets. Your kids, spouse, or parents might inherit, but probably not in the way you'd want.

Without a will, your family could face months of court proceedings, increased legal fees, and unnecessary stress during an already difficult time. Plus, if you have minor children, a judge will decide who raises them, not you.

The good news? Creating a will is straightforward and affordable. It gives you complete control over your legacy and protects your loved ones.

Don't leave your family's future to chance. Call us today to discuss your estate planning needs. We are here to help you protect what matters most.

A simple plan now saves your family the expense and delay of probate. Call (903) 561-8644 or visit https://mytxestateplan.com",,READY,,,READY,,,,4/17/2026
Lady Bird Deeds in Texas,"Lady Bird Deeds in Texas: A Smart Planning Tool

Have you heard of a Lady Bird Deed? It's one of the best kept secrets in Texas estate planning, and it can really benefit East Texas families.

Named after a famous case, a Lady Bird Deed lets you transfer your home to your heirs while keeping complete control during your lifetime. You can still live there, sell it, or refinance without needing anyone's permission.

Here's the really smart part: it typically avoids probate and can protect your home's value for Medicaid planning purposes. It's a powerful tool that many Tyler-area homeowners don't know about.

The specifics matter though, and Texas law has particular requirements. That's where we come in. We help families in Smith County understand whether a Lady Bird Deed makes sense for their situation.

If you want to explore how this strategy could work for your family, give us a call today. We are here to help.",4/5/2026,DONE,"Your parents are probably hiding money in their mattress right now instead of using a Lady Bird Deed. And yes, they're also storing cash there. We don't know why either.

A Lady Bird Deed lets your parents keep total control of their property while they're alive. They can sell it, refinance it, do whatever. But here's the magic part—when they pass, it automatically goes to you without probate. No court, no drama, no cousin Bradley showing up claiming he's entitled to the house because he ""visited that one time.""

It's called a Lady Bird Deed because of a court case involving President Johnson's wife. The legal system loves naming things confusingly. Anyway, it saves your family thousands in court fees and months of fighting.

If your parents live in Texas and own property, they need to talk to an estate planning attorney. Seriously. Don't let them keep hiding money in mattresses.

Head to mytxestateplan.com to schedule your consultation today.",,"Ever heard of a Lady Bird Deed? It's the estate planning secret weapon that lets you transfer your home to your heirs while keeping complete control—no permission needed to live there, sell it, or refinance. Better yet, it typically sidesteps probate and can protect your home's value for Medicaid planning, which is why savvy East Texas families are using them. Ready to see if this strategy makes sense for you? Call (903) 561-8644 or visit https://mytxestateplan.com",,"Lady Bird Deeds in Texas: A Smart Planning Tool

Have you heard of a Lady Bird Deed? It's one of the best kept secrets in Texas estate planning, and it can really benefit East Texas families.

Named after a famous case, a Lady Bird Deed lets you transfer your home to your heirs while keeping complete control during your lifetime. You can still live there, sell it, or refinance without needing anyone's permission.

Here's the really smart part: it typically avoids probate and can protect your home's value for Medicaid planning purposes. It's a powerful tool that many Tyler-area homeowners don't know about.

The specifics matter though, and Texas law has particular requirements. That's where we come in. We help families in Smith County understand whether a Lady Bird Deed makes sense for their situation.

If you want to explore how this strategy could work for your family, give us a call today. We are here to help.

A simple plan now saves your family the expense and delay of probate. Call (903) 561-8644 or visit https://mytxestateplan.com",,READY,,,READY,,,,4/17/2026
Protecting Your Estate from Medicaid,"Planning ahead for potential long-term care expenses? Here in Tyler, many families don't realize that Medicaid can actually come after your estate to recover costs. It's called estate recovery, and it could impact what you leave to your loved ones.

The good news? With proper estate planning, there are legal strategies to protect your assets while still qualifying for Medicaid benefits when you need them. Techniques like irrevocable trusts and strategic gifting can make a real difference.

Every family's situation is unique, which is why talking with an experienced estate planning attorney matters. We've helped countless East Texas families navigate these complex rules and protect what they've worked hard to build.

If you're concerned about Medicaid and your family's financial security, we're here to help. Give us a call today to discuss your options.",4/6/2026,DONE,"Your kids are fighting over your stuff right now. Not literally—yet. But Medicaid will take it first if you're not careful. Here's the thing: without proper planning, long-term care costs can drain your entire estate faster than your teenager drains your WiFi data. We call it ""spending down,"" which sounds nicer than ""goodbye, life savings."" You can protect your assets through trusts, strategic gifting, and timing—yes, there's actual strategy involved. It's not magic. It's just math that actually favors you for once. If you wait until you need care, it's too late. That's not pessimism. That's experience. Head to mytxestateplan.com and let's make sure your legacy goes to your family, not the government. Because they already have enough of your money.",,"Did you know Medicaid can actually come after your estate to recover costs? Here in Tyler, many families are shocked to learn about estate recovery—but the good news is that with proper planning, there are legal strategies to protect your assets while still qualifying for Medicaid benefits when you need them. Techniques like irrevocable trusts and strategic gifting can make a real difference, and we've helped countless East Texas families navigate these complex rules and safeguard what they've worked hard to build.

Call (903) 561-8644 or visit https://mytxestateplan.com to discuss your options with an experienced estate planning attorney today.",,"Planning ahead for potential long-term care expenses? Here in Tyler, many families don't realize that Medicaid can actually come after your estate to recover costs. It's called estate recovery, and it could impact what you leave to your loved ones.

The good news? With proper estate planning, there are legal strategies to protect your assets while still qualifying for Medicaid benefits when you need them. Techniques like irrevocable trusts and strategic gifting can make a real difference.

Every family's situation is unique, which is why talking with an experienced estate planning attorney matters. We've helped countless East Texas families navigate these complex rules and protect what they've worked hard to build.

If you're concerned about Medicaid and your family's financial security, we're here to help. Give us a call today to discuss your options.

A simple plan now saves your family the expense and delay of probate. Call (903) 561-8644 or visit https://mytxestateplan.com",,READY,,,READY,,,,4/17/2026
Estate planning,"Planning Your Future in Tyler Doesn't Have to Be Complicated

Life in East Texas moves fast, and we know you're busy. But have you thought about what happens to your family and assets if something unexpected occurs? That's where estate planning comes in.

An estate planning attorney in Tyler, TX can help you create a plan that protects what matters most. Whether it's your home, your business, or ensuring your children are cared for the way you want, proper planning gives you peace of mind.

Many Tyler families put this off, thinking it's only for the wealthy. The truth is, everyone benefits from a solid estate plan. It saves your family stress, time, and money down the road.

We're here to make the process simple and straightforward. Visit our website at mytxestateplan.com to learn more about how we can help, or call us today to schedule your consultation.",4/7/2026,DONE,"Your uncle's three-page handwritten will on a napkin isn't a legal document. It's a cry for help. And a lawsuit waiting to happen.

I'm an estate planning attorney in Tyler, Texas, and I've watched families implode over who gets grandma's china cabinet. It's not pretty. Here's what actually protects your family: a proper will, a trust if you've got assets, powers of attorney, and healthcare directives. Yeah, it costs money upfront. You know what costs more? Probate court fees and your kids not speaking to each other for five years.

Think of it like insurance for your family's sanity. You wouldn't skip car insurance. Don't skip this.

Visit mytxestateplan.com today. Your family will thank you. Probably.",,"Life moves fast in East Texas, but your estate plan shouldn't. Most Tyler families think estate planning is only for the wealthy—but the truth is, everyone needs one. Let us handle the complicated stuff so you can focus on what matters. Call (903) 561-8644 or visit https://mytxestateplan.com to schedule your consultation today.",,"Planning Your Future in Tyler Doesn't Have to Be Complicated

Life in East Texas moves fast, and we know you're busy. But have you thought about what happens to your family and assets if something unexpected occurs? That's where estate planning comes in.

An estate planning attorney in Tyler, TX can help you create a plan that protects what matters most. Whether it's your home, your business, or ensuring your children are cared for the way you want, proper planning gives you peace of mind.

Many Tyler families put this off, thinking it's only for the wealthy. The truth is, everyone benefits from a solid estate plan. It saves your family stress, time, and money down the road.

We're here to make the process simple and straightforward. Visit our website at mytxestateplan.com to learn more about how we can help, or call us today to schedule your consultation.

A simple plan now saves your family the expense and delay of probate. Call (903) 561-8644 or visit https://mytxestateplan.com",,READY,,,READY,,,,4/17/2026
Wills vs trusts,"Wondering about wills vs trusts in Tyler, TX? You're not alone. Many folks in our East Texas community ask us this question, and here's the simple difference.

A will is a document that says who gets your stuff after you pass away. It goes through probate court, which takes time and costs money. A trust, on the other hand, lets you transfer your assets during your lifetime, and they skip probate entirely when you're gone.

Think of it this way: a will is like leaving instructions for after the fact, while a trust is like handing over your belongings now with conditions attached.

The right choice depends on your situation, your family, and your goals. Every estate plan is different here in Tyler.

Learn more about wills vs trusts at our website: www.mytxestateplan.com

We're here to help you protect what matters most. Call us today.",4/8/2026,DONE,"Here's your script:

Your will is like leaving instructions for your funeral. Your trust is like not having a funeral at all. Let me explain before your family fights over your grandfather's collection of ceramic lighthouses.

A will goes through probate—that's the legal system's way of moving slowly and charging everyone money. A trust avoids probate entirely. It's like the difference between taking the highway during rush hour versus teleporting.

Wills are public. Trusts are private. Unless you want your neighbors knowing you left your dog three million dollars, we're probably talking trust.

Here's the thing: most people need both. I know, I know, it's almost like estate planning is complicated or something.

Head to mytxestateplan.com. We'll get you set up properly so your family can actually grieve instead of litigate.",,"**LINKEDIN:**

Ever wondered if a will or trust is right for you? Here's the deal: a will tells people what to do after you're gone (and they wait in probate court for months), while a trust moves your assets now and skips probate entirely when the time comes. The best choice depends on your unique situation, family, and goals—and that's exactly what we help Tyler families figure out every day. Let's make sure your estate plan actually protects what matters most. Call (903) 561-8644 or visit https://mytxestateplan.com

**FACEBOOK:**

Wills vs trusts—which one do you actually need? Spoiler alert: a will is like leaving instructions for later, while a trust is like handing things over now with conditions attached. Both serve a purpose, but only one skips the expensive probate process, and we can help you figure out which makes sense for",,"Wondering about wills vs trusts in Tyler, TX? You're not alone. Many folks in our East Texas community ask us this question, and here's the simple difference.

A will is a document that says who gets your stuff after you pass away. It goes through probate court, which takes time and costs money. A trust, on the other hand, lets you transfer your assets during your lifetime, and they skip probate entirely when you're gone.

Think of it this way: a will is like leaving instructions for after the fact, while a trust is like handing over your belongings now with conditions attached.

The right choice depends on your situation, your family, and your goals. Every estate plan is different here in Tyler.

Learn more about wills vs trusts at our website: www.mytxestateplan.com

We're here to help you protect what matters most. Call us today.

A simple plan now saves your family the expense and delay of probate. Call (903) 561-8644 or visit https://mytxestateplan.com",,READY,,,READY,,,,4/17/2026
How to avoid probate,"Planning ahead is one of the smartest things you can do for your family here in Tyler. If you want to help your loved ones avoid probate in Tyler TX, there are several practical strategies worth exploring.

Probate can be lengthy and expensive for your family, but the good news is you have options. Setting up a revocable living trust, designating beneficiaries on your accounts, and using joint ownership are just a few ways to keep your estate out of probate court.

Every family's situation is different, which is why talking with an experienced estate planning attorney matters. We help Tyler families create plans that work specifically for their needs and goals.

Ready to explore how you can avoid probate in Tyler TX? Visit mytxestateplan.com to learn more about your options. We are here to help you protect what matters most. Call us today to schedule a consultation.",4/9/2026,DONE,"Your Will is basically a roadmap to a courthouse. So let's talk about actually avoiding probate.

First: Transfer on Death accounts. Your bank loves paperwork, so give them some. Second: Joint ownership with survivorship rights. The dead person's half just... vanishes. Legally. It's magic, but with paperwork. Third: Living trusts. Yes, they cost more upfront. But they cost way less than your kids hiring lawyers to fight about your stuff for two years. I've seen it happen. It's not pretty.

The real secret? Stop dying intestate. I mean, stop dying with a Will that goes through probate. You know what I mean.

Visit mytxestateplan.com. We'll set up something that actually works. Your future heirs will thank you. Or at least, they won't hate each other.",,"Probate is expensive, time-consuming, and completely avoidable with the right plan. A revocable living trust, strategic beneficiary designations, and smart asset structuring can keep your estate out of court and your family out of headaches. Let's create a plan that works for your Tyler family—call (903) 561-8644 or visit https://mytxestateplan.com to get started.",,"Planning ahead is one of the smartest things you can do for your family here in Tyler. If you want to help your loved ones avoid probate in Tyler TX, there are several practical strategies worth exploring.

Probate can be lengthy and expensive for your family, but the good news is you have options. Setting up a revocable living trust, designating beneficiaries on your accounts, and using joint ownership are just a few ways to keep your estate out of probate court.

Every family's situation is different, which is why talking with an experienced estate planning attorney matters. We help Tyler families create plans that work specifically for their needs and goals.

Ready to explore how you can avoid probate in Tyler TX? Visit mytxestateplan.com to learn more about your options. We are here to help you protect what matters most. Call us today to schedule a consultation.

A simple plan now saves your family the expense and delay of probate. Call (903) 561-8644 or visit https://mytxestateplan.com",,READY,,,READY,,,,4/17/2026
Power of attorney,"Managing Your Affairs in Tyler, Texas

Life happens fast, and you never know when you might need someone you trust to handle your financial or healthcare decisions. That's where a power of attorney comes in. Having a solid power of attorney in Tyler, TX protects you and gives your loved ones peace of mind.

A power of attorney document lets you choose someone to manage your affairs if you become unable to do so. Whether it's paying bills, managing property, or making medical decisions, this legal tool keeps things running smoothly for you and your family.

Here in Tyler, many folks overlook this crucial step, thinking it only matters for the elderly. The truth is, anyone can benefit from having one in place.

Our team at my Texas estate plan understands East Texas families and can help you create the right power of attorney for your situation. Visit us at mytxestateplan.com to learn more.

We're here to help. Call us today.",4/10/2026,DONE,"Your spouse thinks they can just waltz into the bank and handle your finances if you're incapacitated? Spoiler alert: they can't. That's where power of attorney comes in.

A power of attorney is a legal document that designates someone to make financial and healthcare decisions for you when you can't. It's basically saying, ""Hey, I trust this person more than I trust my own judgment when I'm in a hospital gown."" 

Without it, your family gets to enjoy a fun court process called guardianship. Nothing says quality family bonding like a judge deciding who controls your money. 

Don't be that guy. Get your power of attorney set up today at mytxestateplan.com. Because future you will thank present you. Probably.",,"What happens to your bills if you can't pay them? A power of attorney makes sure your affairs keep running smoothly, even when life throws you a curveball. Our team at My Texas Estate Plan helps Tyler families protect their future with the right legal documents in place. Call (903) 561-8644 or visit https://mytxestateplan.com to get started today.",,"Managing Your Affairs in Tyler, Texas

Life happens fast, and you never know when you might need someone you trust to handle your financial or healthcare decisions. That's where a power of attorney comes in. Having a solid power of attorney in Tyler, TX protects you and gives your loved ones peace of mind.

A power of attorney document lets you choose someone to manage your affairs if you become unable to do so. Whether it's paying bills, managing property, or making medical decisions, this legal tool keeps things running smoothly for you and your family.

Here in Tyler, many folks overlook this crucial step, thinking it only matters for the elderly. The truth is, anyone can benefit from having one in place.

Our team at my Texas estate plan understands East Texas families and can help you create the right power of attorney for your situation. Visit us at mytxestateplan.com to learn more.

We're here to help. Call us today.

A simple plan now saves your family the expense and delay of probate. Call (903) 561-8644 or visit https://mytxestateplan.com",,READY,,,READY,,,,4/17/2026
Living trusts,"Planning your estate doesn't have to be complicated. If you're looking for peace of mind about your family's future here in Tyler, a living trust might be exactly what you need.

A living trust keeps your assets protected while you're alive and makes things much easier for your loved ones later. Unlike a will that goes through probate, a living trust helps your family avoid court delays and keeps your affairs private. You stay in control the entire time, and you can make changes whenever you need to.

Whether you own a home, have kids, or want to protect your legacy, understanding your options is the first step.

We're here to help you navigate living trust Tyler TX options with clear advice and friendly guidance. Visit mytxestateplan.com to learn more about how we can support your family's future.

Call us today to schedule your consultation.",4/11/2026,DONE,"Here's your 45-second script:

You know what's worse than death? Your family fighting over your stuff after you're gone. I've seen it happen. It's ugly. A living trust fixes that. It lets you control your assets now and after you pass—no probate, no drama, no cousins arguing about grandma's china cabinet. Your family gets what you wanted them to get. Revolutionary concept, I know. Look, I'm a Tyler attorney and I've drafted thousands of these things. It's not sexy, but it works. And honestly, it's cheaper than therapy for your heirs. Visit mytxestateplan.com to set yours up today. Your family will thank you. Probably.",,Tired of wondering who'll handle your mess if something happens to you? A living trust keeps your assets protected while you're alive and saves your family from expensive probate headaches later. Let's get your estate plan sorted so you can actually enjoy peace of mind. Call (903) 561-8644 or visit https://mytxestateplan.com to schedule your consultation today.,,"Planning your estate doesn't have to be complicated. If you're looking for peace of mind about your family's future here in Tyler, a living trust might be exactly what you need.

A living trust keeps your assets protected while you're alive and makes things much easier for your loved ones later. Unlike a will that goes through probate, a living trust helps your family avoid court delays and keeps your affairs private. You stay in control the entire time, and you can make changes whenever you need to.

Whether you own a home, have kids, or want to protect your legacy, understanding your options is the first step.

We're here to help you navigate living trust Tyler TX options with clear advice and friendly guidance. Visit mytxestateplan.com to learn more about how we can support your family's future.

Call us today to schedule your consultation.

A simple plan now saves your family the expense and delay of probate. Call (903) 561-8644 or visit https://mytxestateplan.com",,READY,,,READY,,,,4/17/2026
Estate planning for families,"Planning Your Family's Future? Start Here.

Estate planning isn't just for the wealthy. Whether you're in Tyler or anywhere in East Texas, protecting your family's assets and wishes is one of the smartest decisions you can make.

At our Tyler law firm, we help families create wills, trusts, and powers of attorney that actually work. We know Texas families want peace of mind, and that's exactly what we provide. From business succession plans to guardianship documents, we cover everything.

Why wait? Life happens fast, and your family deserves protection now. Our estate planning services are straightforward, affordable, and tailored to your situation.

Ready to get started? Visit mytxestateplan.com to learn more about our services, or give us a call today. We're here to help you protect what matters most.",4/12/2026,DONE,"Here's your 45-second script:

Your family loves you. They also love arguing about money. Shocking, I know.

That's why you need an estate plan. Not because you're rich—because you're not immortal, and somebody's gotta decide what happens to your stuff.

A will tells people what gets what. A trust keeps your family out of probate court, where they'll definitely fight about money. Powers of attorney make sure someone can actually pay your bills if you can't. And healthcare directives mean your family knows what you want instead of just guessing based on your Netflix history.

I've seen families tear apart over decisions that take thirty minutes to write down. Don't be that person.

Head to mytxestateplan.com. We'll get you set up in Tyler so your family can go back to fighting about something that actually matters—like whose potato salad is better at Thanksgiving.",,"Planning Your Family's Future? Start Here.

Estate planning isn't just for the wealthy—it's for anyone who loves the people they want to protect. Whether you're in Tyler or anywhere in East Texas, we help families create wills, trusts, and powers of attorney that actually work, so you can stop worrying and start living with peace of mind. Life moves fast, but protecting what matters most doesn't have to be complicated or expensive.

Call (903) 561-8644 or visit https://mytxestateplan.com today.",,"Planning Your Family's Future? Start Here.

Estate planning isn't just for the wealthy. Whether you're in Tyler or anywhere in East Texas, protecting your family's assets and wishes is one of the smartest decisions you can make.

At our Tyler law firm, we help families create wills, trusts, and powers of attorney that actually work. We know Texas families want peace of mind, and that's exactly what we provide. From business succession plans to guardianship documents, we cover everything.

Why wait? Life happens fast, and your family deserves protection now. Our estate planning services are straightforward, affordable, and tailored to your situation.

Ready to get started? Visit mytxestateplan.com to learn more about our services, or give us a call today. We're here to help you protect what matters most.

A simple plan now saves your family the expense and delay of probate. Call (903) 561-8644 or visit https://mytxestateplan.com",,READY,,,READY,,,,4/17/2026
The probate process in Texas,"Wondering what happens after a loved one passes in Tyler? Let's talk about Texas probate.

Probate is the legal process where a court validates a will and oversees distributing a person's assets. Here in Tyler, this process can take months or even years depending on the estate's complexity. Many folks are surprised by how involved it can be.

The good news? You don't have to navigate this alone. Whether your loved one had a will or passed without one, understanding probate helps you make informed decisions.

At our Tyler estate planning law firm, we guide families through every step. We help explain the process in plain language and work to make things as smooth as possible during a difficult time.

If you're facing probate in East Texas or want to plan ahead, we're here to help. Visit our website at mytxestateplan.com to learn more about how we can assist your family.

Call us today for your free consultation.",4/13/2026,DONE,"Your loved ones are about to spend six months and twelve thousand dollars arguing about who gets Grandma's china cabinet. Sounds fun, right?

Here in Texas, probate is the legal process where a court oversees the distribution of your estate. It's slower than a notary on a Friday afternoon, more expensive than necessary, and gives your relatives plenty of time to develop opinions about things they've never cared about before.

The process includes validating your will, inventorying assets, paying debts and taxes, and finally—finally—distributing what's left. All while a judge watches and lawyers bill hourly.

The good news? You can avoid most of this mess with proper estate planning. Trusts, powers of attorney, beneficiary designations. Revolutionary stuff like actually planning ahead.

Don't let your family experience probate. Visit mytxestateplan.com today. Because arguing about china cabinets should be optional, not mandatory.",,"Ever wonder what happens to your stuff after you're gone? In Tyler, that's where probate comes in—the legal process that validates your will and distributes your assets, though it can take months or years depending on complexity. The good news is you don't have to figure this out alone, whether you're navigating probate now or planning ahead to avoid it later. Call (903) 561-8644 or visit https://mytxestateplan.com for your free consultation and let us guide your family through every step.",,"Wondering what happens after a loved one passes in Tyler? Let's talk about Texas probate.

Probate is the legal process where a court validates a will and oversees distributing a person's assets. Here in Tyler, this process can take months or even years depending on the estate's complexity. Many folks are surprised by how involved it can be.

The good news? You don't have to navigate this alone. Whether your loved one had a will or passed without one, understanding probate helps you make informed decisions.

At our Tyler estate planning law firm, we guide families through every step. We help explain the process in plain language and work to make things as smooth as possible during a difficult time.

If you're facing probate in East Texas or want to plan ahead, we're here to help. Visit our website at mytxestateplan.com to learn more about how we can assist your family.

Call us today for your free consultation.

A simple plan now saves your family the expense and delay of probate. Call (903) 561-8644 or visit https://mytxestateplan.com",,READY,,,READY,,,,4/17/2026
Asset protection strategies,"Are you worried about protecting your hard-earned assets here in Tyler? You're not alone. Many East Texas families and business owners wonder how to safeguard their wealth from unexpected challenges.

Asset protection strategies are essential whether you own a business on Broadway or have built your nest egg over decades. The right plan can help shield your assets from creditors, lawsuits, and other threats while keeping everything in the family.

At our Tyler estate planning law firm, we help clients create comprehensive protection plans tailored to their unique situation. From trusts to business structures, we know what works best for Texas residents.

Don't leave your financial security to chance. Learn more about asset protection strategies that fit your goals. Visit mytxestateplan.com to explore your options.

We are here to help you protect what matters most. Call us today to schedule your consultation.",4/14/2026,DONE,"Your spouse just asked who gets the good china if something happens to you. If you don't have an asset protection strategy, I've got news—the good china's going to the lawyers. I'm serious.

Here's what actually works: LLCs protect your business from personal liability. Trusts keep your assets out of probate, which means your family avoids months of court fees and public record nonsense. Beneficiary designations on retirement accounts and life insurance bypass the whole mess entirely. And if you've got rental property, a separate LLC is basically free therapy compared to what happens if someone gets hurt on your property.

Most people think estate planning is morbid. It's not. It's the opposite. It's selfish in the best way—you're making sure your money goes where you actually want it instead of wherever the court system feels like sending it.

Don't leave it to chance. Head to mytxestateplan.com and let's talk about keeping your assets in your family's hands, not your lawyer's pockets. Well, not my pockets anyway.",,"Your hard-earned assets deserve better protection than a hope and a prayer. At our Tyler estate planning firm, we've helped East Texas families and business owners shield their wealth from creditors, lawsuits, and life's unexpected curveballs through customized strategies like trusts and strategic business structures. Don't leave your financial security to chance—call (903) 561-8644 or visit https://mytxestateplan.com to schedule your consultation today.",,,,,,,,,,,4/17/2026
Healthcare directives,"Healthcare Directives in Tyler, TX: What You Need to Know

If you haven't thought about what happens if you get seriously ill, a healthcare directive is one of the most important documents you can have. It lets your family and doctors know exactly what kind of medical care you want, even if you can't speak for yourself.

In Texas, having a valid healthcare directive gives you peace of mind and protects your loved ones from making difficult decisions alone. Many Tyler families overlook this until it's too late.

Our team at My Texas Estate Plan specializes in helping East Texans create comprehensive estate plans that include healthcare directives. We make the process simple and straightforward, so you can focus on what matters most.

Don't leave your healthcare wishes to chance. Visit mytxestateplan.com to learn more about protecting your family today.

We are here to help. Call us today to get started.",4/15/2026,DONE,"Your family thinks they know what you want. They don't.

A healthcare directive isn't just a nice-to-have. It's the document that stops your cousin Brad from making medical decisions while your actual spouse stands there holding a printout of your text messages as proof you'd hate a feeding tube.

I've seen families argue about this stuff. It's not pretty. A healthcare directive is basically you, in writing, telling everyone exactly what you want before things get messy. Your agent, your wishes, your actual values—not what Brad thinks your values should be.

Don't leave this to chance. Go to mytxestateplan.com and get yours done today. Because family gatherings are awkward enough without the ventilator debate.",,"What happens if you can't speak for yourself? A healthcare directive ensures your wishes are heard, not guessed. In Tyler, TX, having this document in place gives your family peace of mind and protects them from impossible decisions. Let our team at My Texas Estate Plan create a comprehensive plan that puts you in control. Call (903) 561-8644 or visit https://mytxestateplan.com today.",,,,,,,,,,,4/17/2026
Estate tax planning,"Estate Tax Planning in Tyler, TX

If you're building wealth in East Texas, estate tax planning deserves your attention. Many Tyler families don't realize how federal and state taxes could impact what they leave behind for their loved ones.

The good news? Smart planning now can help reduce your tax burden and protect your family's financial future. Whether you own a business, have significant assets, or want to ensure your children inherit what you've worked hard for, we can help you create a strategy that works.

At our Tyler law firm, we work with families throughout Smith County to develop personalized estate plans that address taxes, guardianship, and asset protection. Every situation is different, and we take the time to understand yours.

Visit mytxestateplan.com to learn more about our services, or call us today to schedule your consultation. We are here to help you protect what matters most.",4/16/2026,DONE,"Your family doesn't need another reason to fight at Thanksgiving. Let me tell you why estate tax planning matters.

Without a solid plan, the IRS basically becomes your biggest heir. Federal estate taxes can take forty percent of everything you've built. Forty percent. That's like giving Uncle Sam the master bedroom.

Here in Texas, we've got some advantages—no state income tax—but federal taxes? They'll find you. A proper estate plan with trusts, gifting strategies, and the right structure can save your family hundreds of thousands. Maybe millions.

I've watched families spend more time arguing over who gets Grandma's china than actually protecting what matters. Don't be that family.

Head to mytxestateplan.com. Let's make sure your legacy goes to the people you love, not the people in Washington.",,Did you know your hard-earned wealth could face a hefty tax bill that your family never sees? Estate tax planning isn't just for the ultra-wealthy—it's for anyone in Tyler who wants to protect what they've built. Let's create a strategy that keeps more money in your family's hands and less going to taxes. Call (903) 561-8644 or visit https://mytxestateplan.com to get started today.,,,,,,,,,,,4/17/2026
Trust attorneys,"Planning Your Family's Future? Trust Attorneys in Tyler, TX Can Help

Life happens fast in East Texas, and protecting your family's assets shouldn't wait. Whether you're a Tyler business owner, a retiree, or just getting started, a trust attorney can make a real difference in your estate planning strategy.

Many people wonder when it's the right time to set up a trust. The honest answer? Now is usually better than later. Trusts help avoid probate, protect your kids' inheritance, and give you peace of mind knowing your wishes are clear.

If you have significant assets, own property here in Smith County, or want to make sure your family avoids costly court battles, talking to a trust attorney makes sense. They'll walk you through your options in plain language and help you build a plan that fits your life.

Ready to get started? Visit mytxestateplan.com or call us today to discuss your estate planning needs. We are here to help your Tyler family secure its future.",4/17/2026,DONE,"Your will is basically a permission slip for your family to fight about your stuff. Legally.

A trust? That's the actual adult move.

See, with a trust, you bypass probate entirely. Your assets transfer directly to your beneficiaries. No judge. No waiting. No cousin Brad arguing he deserves the good china.

Trusts are also private. Your will? That's public record. Everyone knows what you had and who you left it to. Your trust stays confidential. 

Plus, if you become incapacitated, a successor trustee steps in and handles everything. Your will can't do that. Your will just sits there looking decorative.

So if you've got more than a dog and a car, you need a trust. Probably two trusts.

Stop leaving this to chance. Visit mytxestateplan.com today.",,"Life moves fast in East Texas – your estate plan shouldn't. A trust attorney can protect what matters most, avoid probate headaches, and give your family real peace of mind. Whether you're a Tyler business owner or just thinking ahead, the best time to plan is now. Call (903) 561-8644 or visit https://mytxestateplan.com to secure your family's future.",,,,,,,,,,,4/17/2026
"Answering ""Do I need a will?""","Do You Really Need a Will in Tyler?

Short answer: Yes, you probably do. Here's why.

Without a will in Texas, the state decides who gets your stuff and who raises your kids. That might not match your wishes at all. A will lets you control what happens to your home, your bank accounts, and your family's future.

Even if you think you don't have much, a will protects what matters most. It names a guardian for minor children, designates an executor to handle your estate, and can save your family from stress and legal headaches down the road.

Whether you own a business in Tyler, have kids, or just want peace of mind, a will is one of the smartest moves you can make.

We help East Texas families create estate plans that actually reflect their values and goals. Visit our website at mytxestateplan.com to learn more about wills and other planning documents.

Give us a call today to discuss your situation. We're here to help.",4/18/2026,DONE,"Your state has a plan for your stuff when you die. It's called intestacy law. You won't like it.

See, if you don't have a will, Texas decides who gets your house, your car, your vintage hot sauce collection—all of it. And here's the kicker: your family will spend thousands in court fees fighting over decisions you could've made for free with an attorney.

I've watched siblings become enemies over a coffee table. A coffee table! Don't be that family.

A will takes a couple hours and gives you actual control. Revolutionary concept, I know.

Want to keep your family from turning into a courtroom drama? Head to mytxestateplan.com. We'll get you sorted, Tyler.",,"Do I really need a will? Short answer: Yes, and here's why. Without one in Texas, the state gets to decide who raises your kids and who inherits your home—probably not what you want. A will puts you in control of your family's future, protects what matters most, and saves everyone headaches later. Call (903) 561-8644 or visit https://mytxestateplan.com to get started.",,,,,,,,,,,4/17/2026
What happens without a will,"What Happens If You Don't Have a Will in Tyler?

Without a will, Texas intestacy laws take over, and the state decides how your assets get distributed. Your family might end up in costly court battles, and your wishes won't be honored. In Tyler and Smith County, this process can tie up your estate for months or even years.

Here's what you're risking: your kids might not inherit what you intended, your spouse may not have full control, and probate costs eat into what your loved ones receive. It's stressful for everyone involved.

The good news? Creating a will doesn't have to be complicated. Our estate planning team in Tyler helps families protect their legacy and avoid these headaches. We make the process straightforward and affordable.

Don't leave your family's future to chance. Visit mytxestateplan.com to learn more about wills and estate planning options.

Call us today. We're here to help you protect what matters most.",4/19/2026,DONE,"Your family would love to fight about your stuff. No, seriously. Without a will, the state of Texas gets to decide who gets what. It's like letting the government plan your party. The probate court becomes everyone's favorite hangout spot, your assets get tied up longer than a Thanksgiving dinner conversation, and your kids might end up battling over Grandma's china. Spoiler alert: nobody wins. Your wishes? Doesn't matter. The law says what happens. Don't let the state be your estate planner. Get a real one. Head to mytxestateplan.com and actually make a decision about your own stuff. Trust me, your family will thank you. Probably.",,"Here's the LinkedIn version:

Without a will in Tyler, Texas decides what happens to your life's work—and spoiler alert, it's probably not what you'd choose. Intestacy laws mean court battles, delays, and your family paying more in probate costs than they receive in inheritance. Protect your legacy today with a simple will. Call (903) 561-8644 or visit https://mytxestateplan.com

Here's the Facebook version:

Your family deserves better than a courtroom fight over your estate. Without a will, Texas law takes the wheel, and the ride gets expensive and emotional for everyone involved. Let's make this easy: we'll help you create a will that actually protects what you love. Call (903) 561-8644 or visit https://mytxestateplan.com",READY,READY,,,,,,,,,4/17/2026
Irrevocable trust benefits,"Thinking about your family's financial future here in Tyler? An irrevocable trust might be exactly what you need.

Unlike revocable trusts, irrevocable trusts offer powerful tax benefits and asset protection that can save your East Texas family thousands of dollars. Once you set it up, you can't change it, but that permanence is exactly what makes them so effective for estate planning.

Here's the thing: irrevocable trusts can help protect your assets from creditors, reduce your taxable estate, and ensure your loved ones are taken care of the way you want. Whether you're concerned about Medicaid planning or leaving a legacy in Tyler, this strategy deserves serious consideration.

Our team at My Texas Estate Plan understands the unique needs of families right here in Smith County. We can walk you through whether an irrevocable trust makes sense for your situation and help you set it up the right way.

Ready to explore your options? Call us today and let us help you build a stronger financial future for your family.",4/21/2026,DONE,"Your heirs are going to fight over your stuff. It's basically inevitable. But here's the thing—an irrevocable trust removes the temptation. Once you put assets in there, they're not yours anymore. I know, shocking. You can't change your mind. You can't raid it because you bought a boat. Your beneficiaries can't either. It's locked down tighter than my sense of humor. Plus, you get creditor protection and potential tax benefits. It's like telling the government, ""Sorry, these assets aren't here."" Legally. Tastefully. If you want to stop your family from becoming strangers, or worse, becoming reality TV, let's talk about whether an irrevocable trust makes sense for your situation. Head over to mytxestateplan.com to get started.",,"Your assets deserve a guardian that can't be undone. Irrevocable trusts might sound permanent, but that's precisely what makes them powerhouses for tax savings and creditor protection here in East Texas. Whether you're protecting wealth for your family or planning for Medicaid, let our team at My Texas Estate Plan show you how this strategy could save your Tyler family thousands. Call (903) 561-8644 or visit https://mytxestateplan.com to explore your options today.",READY,READY,,,,,,,,,4/17/2026
Medicaid planning,"Planning for Medicaid in Tyler doesn't have to be complicated. Many East Texas families worry about how to protect their assets while qualifying for long-term care benefits, and that's where we come in.

Medicaid planning is an important part of your overall estate strategy. Whether you're thinking ahead or facing an immediate need, our team understands the rules and can help you navigate the process properly.

We serve families throughout Tyler and the surrounding area, helping them preserve their legacy while accessing the care they need. From asset protection strategies to application assistance, we handle the details so you don't have to.

Your peace of mind matters to us. If you want to explore how Medicaid planning fits into your family's financial future, visit mytxestateplan.com to learn more.

Call us today. We're here to help.",4/22/2026,DONE,"Your parents just told you they're ""fine"" with their finances. That's what they said about their tech skills too. Look, Medicaid planning isn't exciting—it's like flossing for your bank account. Nobody wants to do it, but your future self will thank you. We're talking protecting assets, understanding spend-down rules, and actually having a plan instead of whatever your Uncle Brad's been doing. In Texas, if you don't plan ahead, Medicaid can take pretty much everything. Spoiler alert: they're very thorough. The good news? We can fix this. Head to mytxestateplan.com and let's make sure your family's future doesn't become a cautionary tale. Because I've seen enough of those already.",,"Long-term care costs in Texas can wipe out a lifetime of savings—unless you plan ahead. Medicaid planning isn't just about qualifying for benefits; it's about protecting what you've worked hard to build. Our team helps East Texas families navigate the rules, preserve their assets, and access the care they deserve. Call (903) 561-8644 or visit https://mytxestateplan.com to get started.",READY,READY,,,,,,,,,4/17/2026
Revocable living trusts,"Planning Your Estate? Let's Talk About Revocable Living Trusts in Tyler

If you're a Tyler resident thinking about estate planning, a revocable living trust might be exactly what you need. Unlike a will, a living trust helps you avoid probate, keeps your affairs private, and makes things easier for your family when the time comes.

Here's what makes them great: you stay in control of your assets during your lifetime, you can change or revoke the trust anytime, and your loved ones can access assets quickly without court involvement.

Whether you're protecting your East Texas home, managing investments, or planning for your family's future, we're here to guide you through every step.

Ready to get started? Visit our website at mytxestateplan.com or give us a call today. We'd love to help you create a plan that works for your family.",4/20/2026,DONE,"Your family will fight over your stuff when you die. They'll be emotional, irrational, and spend thousands on lawyers arguing about who gets grandma's china cabinet. Unless you have a revocable living trust.

Here's the thing: a revocable living trust lets you control your assets now, name who gets them later, and skip probate entirely. That means no court, no delays, no judges deciding your legacy. You can also change it whenever you want—hence ""revocable."" It's like having a will, but with significantly fewer family drama callbacks.

Don't leave your family a roadmap to civil war. Get a revocable living trust set up today. Visit mytxestateplan.com and stop creating litigation jobs for my competitors.",,"Tired of the probate nightmare keeping you up at night? A revocable living trust puts you back in control of your estate while keeping your family out of court. Let's chat about protecting your Tyler home and legacy the smart way.

Call (903) 561-8644 or visit https://mytxestateplan.com",READY,READY,,,,,,,,,4/17/2026
Long-term care planning,"Long-Term Care Planning in Tyler, TX

Planning for long-term care is one of the most important conversations you can have with your family. Whether it's nursing home costs, in-home care, or assisted living expenses, having a solid plan protects your life savings and gives your loved ones peace of mind.

At our estate planning law firm here in Tyler, we help East Texans prepare for whatever the future holds. Long-term care planning goes hand in hand with your will, trust, and overall estate plan. We can show you strategies to preserve your assets while qualifying for benefits you may need down the road.

Don't wait until a health crisis forces tough decisions. The time to plan is now. Visit mytxestateplan.com to learn more about protecting your family's future with comprehensive estate and long-term care planning.

Give us a call today. We're here to help you get your plan in place.",4/23/2026,DONE,"Your kids are already arguing about who gets the good china. Let's talk about long-term care planning before they're arguing about who pays for your care.

Most people think long-term care is just a nursing home problem. Wrong. It's a financial problem that can drain your entire estate in three to five years. We're talking six to ten thousand dollars a month. That's not a typo.

Here's what people don't do: they don't plan for it. Then Medicare doesn't cover it. Their kids panic. The estate disappears. And everyone's mad at everyone.

Long-term care planning means understanding Medicaid, asset protection, and insurance options before you need them. It means having actual conversations with your family instead of leaving them a fifty-thousand-dollar surprise bill.

I've seen it happen a hundred times. Don't be that person.

Visit mytxestateplan.com. We'll help you plan this the right way. Your family will thank you. Probably.",,"Here's a caption for LinkedIn and Facebook:

Did you know long-term care costs can drain your life savings in just a few years? Most people don't plan for nursing home, assisted living, or in-home care expenses until it's too late—and by then, the damage is done. We help East Texans in Tyler protect their assets and preserve their legacy with smart long-term care planning strategies integrated into a comprehensive estate plan. Call (903) 561-8644 or visit https://mytxestateplan.com to start your conversation today.",,,,,,,,,,,4/17/2026
Protecting assets from nursing home costs,"Are you worried about nursing home costs wiping out your family's savings? You're not alone. Many East Texas families are discovering that smart estate planning can help protect their hard-earned assets.

Here in Tyler, we see families who wish they'd planned ahead before facing long-term care expenses. The good news? There are legal strategies available right now that can safeguard your wealth for your loved ones.

Our estate planning attorneys understand Texas law and the specific challenges our community faces. Whether you're concerned about Medicaid planning, asset protection, or ensuring your wishes are respected, we're here to guide you through your options.

Don't let nursing home costs drain your legacy. Learn more about protecting your assets at mytxestateplan.com.

Call us today to schedule your consultation. We're here to help your family's future.",4/24/2026,DONE,"Your kids are fighting over your stuff, and the nursing home is fighting for your money. Great time for a plan, right?

Look, I've seen families spend six figures on long-term care that could've been protected with proper estate planning. Medicaid has five-year lookback periods—meaning if you just start giving away money now, they're watching. You need strategies. Irrevocable trusts, asset protection plans, the whole nine yards.

And here's the kicker—doing nothing is actually the expensive option. Your family gets a bill, the government gets the rest, and your legacy gets a participation trophy.

Don't leave your family holding the bill. Head to mytxestateplan.com today. Because ""we'll figure it out later"" is not an estate plan—it's a family fight waiting to happen.",,"Here's the LinkedIn version:

Did you know nursing home costs can drain six figures from your family's savings in just a few years? Many East Texas families are discovering that strategic estate planning—before the crisis hits—can protect assets that took decades to build. Our Tyler attorneys know Texas law and the specific long-term care challenges our community faces, so let's talk about your options today. Call (903) 561-8644 or visit https://mytxestateplan.com

Here's the Facebook version:

Your life's work shouldn't vanish to pay for nursing home costs—and it doesn't have to. Smart families in East Texas are protecting their assets now through proper estate planning, before long-term care becomes a reality. We'll guide you through Medicaid planning, asset protection strategies, and making sure your legacy goes to your loved ones, not the nursing home. Call (903) 561-8644 or visit https://myt",,,,,,,,,,,4/17/2026
Special needs trusts,"Planning for a child with special needs? A special needs trust might be exactly what your family needs in Tyler, Texas.

Many parents worry about their child's future financial security. If your loved one receives government benefits like SSI or Medicaid, a regular inheritance could actually hurt them. That's where a special needs trust comes in. It lets you provide for your child without affecting their benefits.

We help East Texas families create these protective trusts every day. Our team understands the unique challenges and knows the Texas laws inside and out. Whether you're just starting to think about planning or already have concerns, we're here to guide you.

Your child's future matters. Let's talk about the best way to protect it.

Visit us at mytxestateplan.com to learn more about special needs trusts in Tyler. Call us today to schedule your consultation.",4/25/2026,DONE,"Your special needs child won't inherit your money directly. Why? Because one large lump sum equals goodbye government benefits. It's like giving someone a winning lottery ticket right before telling them they're not eligible for food stamps anymore. Hilarious, really. Not hilarious.

Instead, a special needs trust lets you leave money for their care without disqualifying them from SSI or Medicaid. It's basically the estate planning equivalent of leaving someone a gift card instead of cash so they don't blow it all at once. Except, you know, it actually matters.

Don't wing this. Come see us at mytxestateplan.com. We specialize in special needs trusts right here in Tyler. Your family's future is too important for YouTube lawyers.",,"Here's a LinkedIn version:

Leaving an inheritance to a child with special needs? Think twice. A regular inheritance could disqualify them from crucial government benefits like SSI or Medicaid. A special needs trust lets you provide for their future without the financial penalty. We help East Texas families protect their loved ones every day. Call (903) 561-8644 or visit https://mytxestateplan.com to learn how we can help.

Here's a Facebook version:

Worried about your child's future if they receive SSI or Medicaid? Here's the thing—a regular inheritance could actually hurt them. A special needs trust is designed to provide for your child without jeopardizing their benefits, giving you peace of mind and them financial security. Let's talk about protecting your family's future. Call (903) 561-8644 or visit https://mytxestateplan.com today.",,,,,,,,,,,4/17/2026
Estate planning for business owners,"Running a business in Tyler takes all your focus, and estate planning might fall to the back burner. But here's the thing: protecting your business and your family's future shouldn't wait.

Many East Texas business owners don't realize that without proper estate planning, their life's work could face unnecessary taxes, complications, or even disputes among heirs. A solid plan ensures your business transitions smoothly, your wishes are honored, and your loved ones are taken care of.

Whether you're concerned about business succession planning, minimizing estate taxes, or protecting your assets, our team at our Tyler law firm understands the unique challenges business owners face. We help create customized estate plans that work for your specific situation.

Learn more about protecting your business legacy by visiting mytxestateplan.com. We're here to help you plan for what matters most. Call us today to schedule your consultation.",4/26/2026,DONE,"Your business is your legacy. Unless you die without a plan. Then it's your family's litigation.

Here's what business owners get wrong: they think their will handles everything. Spoiler alert—it doesn't. You need a succession plan. You need buy-sell agreements. You need to actually tell people what you want, because apparently, ""they'll figure it out"" is not a legal strategy.

Without proper planning, your business tanks, your family fights, and your ex-partner's cousin somehow ends up owning thirty percent. I've seen it happen. It's not pretty.

Don't be that guy. Visit mytxestateplan.com today. Let's make sure your business goes where you actually want it to go.",,"Your business demands everything you've got—but your estate plan shouldn't be left on the to-do list. Without proper planning, your life's work could face unnecessary taxes, disputes, and complications that could have been avoided. Let our Tyler team help you protect your legacy and ensure your family's future is as secure as your business success. Call (903) 561-8644 or visit https://mytxestateplan.com today.",,,,,,,,,,,4/17/2026
Business succession planning,"Planning to pass your Texas business down to the next generation? Smart move. Many Tyler business owners overlook succession planning until it's too late, and that can create real problems for their families and employees.

Whether you're running a retail shop on Broadway, managing a family operation in Smith County, or overseeing any other East Texas business, you need a solid plan in place. Without proper business succession planning, taxes can eat up a huge chunk of your company's value, and your heirs might end up fighting over what you've built.

At our Tyler law firm, we help business owners like you create succession plans that actually work. We'll walk you through your options, protect your assets, and make sure your wishes are crystal clear.

Your legacy matters. Let us help you protect it. Visit mytxestateplan.com to learn more about our business succession planning services, or call us today for a consultation.",4/27/2026,DONE,"Your business is your baby. And like most babies, nobody knows what to happen to it when you're gone. Spoiler alert: the government has a plan. It's called probate. It's expensive and your kids will hate each other by the end.

Here's what actually works. You need a succession plan. That means documenting who takes over, how the transition happens, and tax strategies so Uncle Sam doesn't get the biggest inheritance check.

I've seen family businesses die because nobody planned ahead. Don't be that guy. Or gal. At mytxestateplan.com, we'll make sure your legacy survives you. Because your business deserves better than a family civil war.",,"Your Texas business is your legacy—don't let taxes and family drama be the inheritance story. Without a solid succession plan, you're risking everything you've built in Smith County and beyond. Let's make sure the next generation gets what you actually intended. Call (903) 561-8644 or visit https://mytxestateplan.com today.",,,,,,,,,,,4/17/2026
Guardianship planning,"Planning for Your Family's Future: Guardianship in Tyler

If you have minor children or are concerned about caring for a loved one, guardianship planning should be on your radar. Here in Tyler, we help families protect their most precious assets, and that means protecting the people we love.

Guardianship planning ensures that if something happens to you, a trusted person is legally designated to care for your children or dependents. Without a solid plan, the state makes these decisions for you, and that's not what most families want.

Our estate planning attorneys in Tyler understand how important this decision is. We work with local families to create guardianship plans that reflect your values and priorities. Whether you're thinking about the future or need to update existing arrangements, we're here to guide you through the process.

Visit mytxestateplan.com to learn more about how we can help protect your family.

Call us today. We are here to help.",4/28/2026,DONE,"Your kids are great. I'm sure they are. But have you actually designated who gets to raise them if something happens to you? Because right now, a judge will decide. And judges don't know your kids like you do. They know paperwork. Guardianship planning lets you choose who steps in. You pick the person. You pick the backup. You even pick who doesn't get them, which is honestly the fun part. Without it, your family fights, the state gets involved, and everyone's miserable. So yeah, do your kids a favor. Plan ahead. Head to mytxestateplan.com today. Your future self will thank you. Probably.",,"Who will raise your kids if you can't? It's the hardest question no parent wants to ask—but one that deserves a solid answer. Our Tyler estate planning attorneys help families create guardianship plans that protect what matters most, so your loved ones are cared for by someone YOU choose, not the state. Call (903) 561-8644 or visit https://mytxestateplan.com to get started today.",,,,,,,,,,,4/17/2026
Estate planning for parents,"Estate Planning for Parents in Tyler, TX

If you're a parent in Tyler, protecting your family's future should be a top priority. Estate planning isn't just for the wealthy, it's for anyone who cares about what happens to their loved ones.

Think of an estate plan as a safety net. It covers everything from who raises your kids if something happens to you, to how your assets get distributed. Without a plan in place, Texas laws decide for you, and that might not be what your family needs.

Whether you're planning for the first time or updating an existing plan, we're here to help Tyler families protect what matters most. Our team understands the unique needs of parents in East Texas and can guide you through the process clearly and simply.

Ready to get started on your family's peace of mind? Visit mytxestateplan.com or call us today. We are here to help.",4/29/2026,DONE,"Your will is not a surprise birthday party. Stop treating it like one. Hi, I'm an estate planning attorney in Tyler, Texas, and I've seen families implode over who gets the china cabinet. The good news? You can prevent that disaster.

Here's what you actually need: a will, a power of attorney, and healthcare directives. That's it. Three documents. Not complicated. Not expensive. Definitely cheaper than therapy when your kids are fighting over your baseball card collection.

Without these documents, the state of Texas gets to decide what happens to your stuff. And trust me, the state's not a better decision-maker than you are.

If you're a parent and you don't have an estate plan, you're not protecting your family. You're just being lazy. And I say that with love.

Get it done. Visit mytxestateplan.com today.",,"Your will won't write itself, but that's okay—we will. If you're a parent in Tyler, an estate plan is the ultimate gift to your family, ensuring your kids are cared for and your wishes are honored—not left to chance or Texas law. Let's turn your peace of mind into a real plan.

Call (903) 561-8644 or visit https://mytxestateplan.com",,,,,,,,,,,4/17/2026
Protecting children’s inheritance,"Protecting Your Children's Inheritance in Tyler

As a parent in Tyler, one of your biggest concerns is making sure your kids are taken care of, no matter what happens. Without proper estate planning, your children's inheritance could be delayed, reduced by taxes, or even go to the wrong people.

That's where we come in. Our estate planning attorneys in Tyler help families create wills, trusts, and guardianship plans that protect what matters most. We make sure your assets go exactly where you want them to go and that your children are cared for according to your wishes.

Whether you're just starting out or updating your existing plan, our team understands East Texas families and their unique needs. We'll guide you through every step in plain language you can actually understand.

Don't leave your children's future to chance. Visit us at mytxestateplan.com to learn more about protecting your family's legacy.

We're here to help. Call us today to schedule your consultation.",4/30/2026,DONE,"Your kids are going to fight over your stuff. Maybe not immediately, but eventually. That's why you need a trust, not just a will. A will is basically a roadmap to family drama. A trust keeps your assets out of probate, saves taxes, and most importantly, keeps your kids from discovering their true feelings about each other over your baseball card collection.

I've watched families implode over less. Don't let yours be next. Get a proper estate plan set up now.

Visit mytxestateplan.com today. Because nothing says ""I love you kids"" like planning ahead so you don't ruin each other's lives.",,"Your will is currently protecting your kids about as well as a screen door protects a house. Without proper estate planning, taxes, delays, and family disputes could eat away at the inheritance you've worked so hard to build. Our Tyler estate planning attorneys create wills, trusts, and guardianship plans that ensure your assets go exactly where you intend and your children are protected according to your wishes. Call (903) 561-8644 or visit https://mytxestateplan.com to schedule your consultation today.",,,,,,,,,,,4/17/2026
Executor duties in Texas,"Serving as an executor in Texas can feel overwhelming. If you've been named executor of an estate in Tyler, you're responsible for managing assets, paying debts, and distributing property according to the will. That's a lot on your plate.

In Texas, executors have specific legal duties and deadlines to follow. Missing these obligations can lead to serious consequences. You'll need to file the will with the probate court, inventory estate assets, notify creditors, and handle tax returns. The process typically takes several months to over a year depending on the estate's complexity.

You don't have to navigate this alone. Our Tyler estate planning law firm helps executors understand their responsibilities and avoid costly mistakes. We guide you through every step of the probate process to ensure you meet all Texas requirements.

Visit our website at mytxestateplan.com to learn more about executor duties and how we can support you.

Call us today. We are here to help.",5/1/2026,DONE,"So your uncle named you executor. Congratulations, you've won the worst prize ever. You're now legally responsible for managing the estate, paying debts, and distributing assets. In Texas, that means filing paperwork with the probate court, notifying heirs, and dealing with the IRS. Fun times. You can't just sell grandma's china on eBay and call it a day. You need a real plan. The good news? You don't have to figure this out alone. Head to mytxestateplan.com. We help executors actually know what they're doing. Because nothing ruins a family reunion like executor chaos.",,"Named executor of a Texas estate? That responsibility just got very real, very fast. Managing assets, paying debts, filing court documents, and handling taxes isn't a solo sport—and missing even one deadline can cost you. Let our Tyler estate planning attorneys guide you through the probate process so you can actually sleep at night knowing you're meeting every Texas requirement.

Call (903) 561-8644 or visit https://mytxestateplan.com

---

Just got named executor in Texas? Here's the plot twist: you're now legally responsible for managing assets, paying creditors, filing probate documents, and navigating a process that can take over a year. The good news? You don't have to figure it out alone. Our Tyler estate planning firm helps executors avoid costly mistakes and handle every step of probate with confidence.

Call (903) 561-8644 or visit https://mytxestateplan.com",,,,,,,,,,,4/17/2026
Trustee responsibilities,"Being named trustee is a big responsibility, and many folks in Tyler don't realize what they're signing up for. As a trustee, you'll manage assets, file tax returns, and distribute funds to beneficiaries according to the trust document. It's a job that requires careful attention to detail and a real commitment to doing right by the people who depend on that trust.

If you've been asked to serve as a trustee in Smith County or anywhere in East Texas, you might have questions about your duties and what's expected. Understanding trustee responsibilities early on can help you avoid costly mistakes down the road.

Our estate planning attorneys here in Tyler are familiar with Texas trust laws and can walk you through exactly what your role entails. Whether you're just starting out or already managing a trust, we're here to help. Give us a call today to discuss your specific situation. Visit mytxestateplan.com to learn more about trustee guidance and other estate planning services.",5/2/2026,DONE,"Being a trustee isn't a participation trophy. You're legally responsible for managing assets, distributing money, and keeping detailed records. Mess it up, and the beneficiaries can sue you. Yes, that family member who's mad about their inheritance can actually take you to court. I've seen it happen. You need to understand the trust document, avoid conflicts of interest, and file taxes on time. It's not glamorous. It's not optional. It's basically babysitting money for adults who couldn't be trusted with their own inheritance. If you've been named trustee and you're panicking, that's normal. If you're thinking about just winging it, that's a lawsuit waiting to happen. Get professional guidance. Head to mytxestateplan.com to understand your actual obligations before you inherit someone else's family drama.",,"Named as a trustee? Congrats—you've just signed up for a job that's way more complex than most people realize. Managing assets, filing taxes, distributing funds to beneficiaries—it all requires careful attention to detail and a real commitment to doing right by the people depending on that trust. If you're in Smith County or East Texas and have questions about your trustee duties, our estate planning attorneys know Texas trust law inside and out and can help you avoid costly mistakes. Call (903) 561-8644 or visit https://mytxestateplan.com",,,,,,,,,,,4/17/2026
An estate planning checklist,"Estate Planning Checklist for Tyler Families

Planning your estate doesn't have to be complicated. Whether you're in Tyler or anywhere across East Texas, having the right documents in place gives you and your family peace of mind.

Here's what you should have on your estate planning checklist: a valid will, healthcare power of attorney, financial power of attorney, and a living will. Depending on your situation, you might also need a trust or other documents.

Many Tyler residents put off estate planning, but it's one of the most important things you can do for your loved ones. We've helped countless families in our community create comprehensive plans that protect their wishes and assets.

Ready to get started? Visit our estate planning guide at mytxestateplan.com to learn more about what you need.

We are here to help you protect what matters most. Call us today to discuss your estate planning needs.",5/3/2026,DONE,"Your family doesn't hate each other yet. Let's keep it that way.

I'm Amanda Chen with Tyler Estate Planning, and I've watched too many families go to war over who gets Grandma's china. So here's your checklist before that happens to you: First, get a will. Not a napkin. A real will. Second, name an executor. Someone competent. Not your cousin Brad. Third, establish power of attorney so someone can handle your affairs if you can't. Fourth, create a healthcare directive because your family arguing about life support decisions is really not the vibe. Fifth, list your assets. All of them. That cryptocurrency your kid doesn't know about counts.

Do this now. Your family will thank you. Probably.

Head to mytxestateplan.com to get started. We'll make sure your wishes actually matter.",,"Your will won't write itself, but it doesn't have to be complicated either. Every Tyler family needs four essential documents: a valid will, healthcare power of attorney, financial power of attorney, and a living will—and we can help you get them in place. Stop putting off the most important thing you can do for your loved ones and call us today at (903) 561-8644 or visit https://mytxestateplan.com to get started.",,,,,,,,,,,4/17/2026
When to update your estate plan,"Life Changes in Tyler

Your estate plan isn't a set-it-and-forget-it document. If you've had major life changes recently, it might be time for an update.

Got married or divorced? Had kids or grandkids? Bought property here in Smith County? These are all great reasons to review your will, trust, and power of attorney documents.

Even without big changes, we recommend checking in every three to five years. Tax laws shift, and what worked five years ago might not be the best strategy today.

As your Tyler estate planning attorney, we're here to make sure your documents reflect your current wishes and protect your family the way you want.

Ready to review your estate plan? Visit us at mytxestateplan.com or give us a call today. We're here to help you get it right.",5/4/2026,DONE,"Your estate plan isn't like a fine wine. It doesn't get better with age. In fact, it gets worse. Much worse.

Update it when you get married, divorced, have kids, or when your kids finally move out and stop asking you for money. Update it when your assets change significantly, when someone you named as executor becomes... let's say ""unavailable,"" or when Texas law changes. Which it does. Constantly.

Here's the thing nobody wants to hear: if you haven't looked at your estate plan in five years, it's probably outdated. And if you haven't looked at it in ten years, your family's going to have a real interesting time figuring out what you actually wanted.

Don't be that person. Visit mytxestateplan.com today, because unlike your will, I can't update itself from beyond the grave.",,"**LINKEDIN:**

Your will isn't a ""set it and forget it"" document—and neither should your life be. Marriage, divorce, new kids, grandkids, or that new property in Smith County? Time to dust off those estate planning documents and make sure they still match your wishes. Let's chat about what's changed and what needs updating. Call (903) 561-8644 or visit https://mytxestateplan.com

**FACEBOOK:**

Life happens fast in Tyler—and your estate plan should keep up. Got married, divorced, had kids, or bought a house recently? Those are all signs your will, trust, and power of attorney might need some tweaks to protect your family the way you want. Give us a call and let's make sure everything is current. (903) 561-8644 or https://mytxestateplan.com",,,,,,,,,,,4/17/2026
Estate planning mistakes,"Hey Tyler neighbors! Are you putting off your estate plan? You're not alone, but it's one of the biggest mistakes we see families make here in East Texas.

Common estate planning mistakes include not having a will, outdated documents, naming the wrong beneficiaries, and forgetting about digital assets. These oversights can cost your loved ones thousands in probate fees and create family conflict when they need unity most.

Whether you're in Tyler, Longview, or anywhere in Smith County, proper estate planning protects what matters most. It takes just a few hours now to save your family major headaches later.

Visit mytxestateplan.com to learn more about getting your estate plan right the first time. We understand Texas law and the Tyler community's unique needs.

We are here to help you protect your family's future. Call us today for a consultation.",5/5/2026,DONE,"Your uncle didn't have a will. Now your family's fighting over his 1987 Chevy pickup like it's a Picasso. Spoiler alert: it's not.

Look, here are the mistakes I see constantly. Number one: dying without a will. The state decides who gets what. Spoiler alert again: it's not who you want. Number two: naming the wrong beneficiaries on your accounts. That old ex-girlfriend from 2003? Yeah, she's still listed. Congratulations. Number three: putting everything in one kid's name thinking it's a shortcut. It's not. It's a disaster.

And my personal favorite: having conversations about your estate plan but never actually writing it down. Thoughts and prayers don't hold up in probate court.

Here's the thing: estate planning isn't morbid. It's the opposite. It's love. It's saying ""I've got this handled so my family doesn't have to.""

Get it done right. Visit mytxestateplan.com. Your family will thank you. Probably.",,"Putting off your estate plan? That's a luxury your family can't afford. Common mistakes like outdated documents, wrong beneficiaries, and forgotten digital assets can cost your loved ones thousands in probate fees and create family conflict when they need unity most. Let us help you protect what matters in just a few hours—call (903) 561-8644 or visit https://mytxestateplan.com today.",,,,,,,,,,,4/17/2026
Avoiding family disputes through estate planning,"Estate planning isn't just about paperwork and legal documents. It's about protecting your family and giving yourself peace of mind knowing that your wishes will be followed after you're gone.

Here in Tyler, we see families come together when they have a clear estate plan in place. Without one, disagreements over inheritance, property, and final wishes can tear families apart for years.

A solid estate plan helps you avoid family disputes by laying out exactly how you want your assets distributed and who will make important decisions. Whether it's your home, business, or personal belongings, having it documented prevents confusion and conflict.

If you're ready to protect your family and avoid unnecessary conflict, we're here to help. Visit our website at mytxestateplan.com to learn more about estate planning in Tyler, TX.

Call us today to get started on your estate plan. Your family will thank you.",5/6/2026,DONE,"Nothing brings families together like fighting over grandma's china collection and arguing about who gets the lake house. Spoiler alert: nobody wins. I'm an estate planning attorney here in Tyler, and I've seen siblings who haven't spoken in twenty years suddenly become extremely interested in inheritance law. Here's the thing—a solid estate plan isn't romantic. It's not fun. But you know what's worse? Your family discovering your wishes through a probate court instead of your actual will. We're talking thousands in legal fees, years of court dates, and relationships destroyed faster than you can say ""contested will."" The good news? This is completely preventable. A proper estate plan protects your family from themselves. I know that sounds dark, but I've earned the right to be cynical. Head to mytxestateplan.com. Let's keep your family together. And the china with whoever actually wants it.",,"**Ever heard families fight over an inheritance they didn't even know existed?** It happens more often than you'd think—and it's completely preventable. A solid estate plan does more than organize your assets; it protects your family from years of conflict and heartbreak. When your wishes are crystal clear in writing, there's no room for disagreement—just peace of mind. Ready to give your family the gift of clarity? Call (903) 561-8644 or visit https://mytxestateplan.com to get started today.",,,,,,,,,,,4/17/2026
Probate costs in Texas,"Wondering about probate costs in Texas? If you're a Tyler resident planning ahead, it's smart to understand what you might be facing.

Probate in Texas can get expensive quick. Court fees, attorney costs, and executor expenses add up fast. The longer your case stays open, the more you'll spend. Most families don't realize how much money and time the probate process actually takes.

Here's the good news: you can avoid a lot of these costs with proper estate planning. A solid plan now means your family deals with way less hassle and expense later.

At our Tyler law firm, we help East Texas families protect their assets and simplify things for their loved ones. Want to learn more about keeping probate costs down?

Visit mytxestateplan.com to see how we can help.

We're here to answer your questions. Call us today.",5/7/2026,DONE,"Your loved ones are about to fight over your stuff. And probate court will charge them for the privilege.

In Texas, probate typically costs between three and seven percent of your estate's value. Court fees, attorney fees, appraisers—it adds up faster than your Uncle Jerry at Thanksgiving dinner.

But here's the thing: you can avoid most of this with proper planning. A will costs a few hundred bucks. Probate costs thousands. Sometimes tens of thousands. Do the math. It's not hard.

Don't leave your family a bill instead of an inheritance. Visit mytxestateplan.com today. We'll help you actually plan this thing.",,"Did you know probate in Texas can drain your family's resources faster than you'd think? Court fees, attorney costs, and executor expenses add up quickly, but here's the good news—smart estate planning now can save your loved ones thousands later. Let's talk about protecting your East Texas legacy. Call (903) 561-8644 or visit https://mytxestateplan.com",,,,,,,,,,,4/17/2026
Probate timelines in Texas,"How long does probate take in Tyler, Texas? If you're asking this question, you're not alone. Many East Texas families wonder about the probate timeline when a loved one passes away.

The truth is, probate in Texas can take anywhere from a few months to over a year, depending on the estate's complexity. Some estates move faster than others, and there are ways to potentially simplify the process.

At our Tyler law firm, we help families navigate probate and estate planning with clarity and compassion. Whether you're administering an estate or planning ahead, understanding Texas probate laws makes all the difference.

Want to know more about probate timelines and how to protect your family's future? Visit our website at mytxestateplan.com to learn more about our estate planning services.

Call us today. We're here to help guide you through this important process.",5/8/2026,DONE,"Your loved ones are fighting over your stuff right now, and you're not even dead yet. That's the energy probate brings to Texas families.

Here's the timeline: Independent administration? Four to six months if everyone behaves. And I mean *everyone*. One cousin decides to be difficult, you're looking at twelve to eighteen months. Dependent administration? More court involvement, more fees, more reasons to update your Facebook status with family drama.

The real question isn't how long probate takes. It's whether you want your family spending that time in court or at a barbecue. Texas gives you options to avoid this circus entirely, but you have to actually plan ahead. Shocking, I know.

Head to mytxestateplan.com. Let's talk about keeping your family together and out of the courthouse. Your executor will thank me.",,"**How long does probate really take in Tyler, Texas? Short answer: it depends—but it doesn't have to be a mystery.** Probate timelines in East Texas can range from months to over a year depending on your estate's complexity, but the good news is there are ways to streamline the process and protect your family's future. At our Tyler law firm, we guide families through probate and estate planning with clarity and compassion—because understanding Texas law makes all the difference.

**Call (903) 561-8644 or visit https://mytxestateplan.com to learn how we can help.**",,,,,,,,,,,4/17/2026
Transfer on death deeds in Texas,"Planning Your East Texas Estate? Transfer on Death Deeds Might Be Right for You

If you're a Tyler homeowner looking for a simpler way to pass your property to your loved ones, a transfer on death deed could be exactly what you need. This Texas estate planning tool lets you designate who inherits your home without going through probate, saving your family time and money.

Here at our Tyler law firm, we help East Texas families understand how TOD deeds work and whether they fit your overall estate plan. Unlike traditional wills, these deeds take effect only after you pass away, so you keep full control of your property while you're living.

Every family's situation is unique. That's why we're here to walk you through your options and create a plan that protects what matters most.

Ready to learn more about transfer on death deeds in Texas? Visit us at mytxestateplan.com or call us today. We're here to help.",5/9/2026,DONE,"Here's your script:

---

Ever wonder what happens to your house when you die? Spoiler alert: your family might fight over it like it's the last biscuit at a funeral.

Good news. Texas has transfer on death deeds. That's right—you can literally tell your house who to go to after you're gone. No probate. No drama. Just a simple deed that sits in a drawer until you're pushing up daisies.

Here's how it works. You sign it now. It does nothing while you're alive—kind of like my golf swing. But when you pass, boom, your house transfers automatically to whoever you named. Your family gets the house. The probate court gets nothing. Everyone wins.

The best part? It costs about as much as a decent lunch.

Don't leave your estate to chance. Visit mytxestateplan.com and let's get this done before your family reunion gets awkward.",,Want to skip the probate hassle and keep control of your home while you're here? Transfer on death deeds in Texas let Tyler homeowners pass their property to loved ones without the legal circus—and our team can show you if it's the right move for your family. Call (903) 561-8644 or visit https://mytxestateplan.com to learn how TOD deeds work for your unique situation.,,,,,,,,,,,4/17/2026
Digital assets in estate planning,"Digital Assets and Your Estate Plan: Don't Forget About Them

When most Tyler residents think about estate planning, they picture real estate and bank accounts. But what about your digital assets? Your email accounts, social media profiles, cryptocurrency, online photos, and digital files need protection too.

If something happens to you, your family may struggle to access these important accounts and valuable digital property. That's where comprehensive estate planning comes in. We help East Texas families create plans that include instructions for managing digital assets, ensuring nothing gets left behind.

Whether you have cryptocurrency holdings, important family photos stored online, or business accounts, we'll make sure your digital legacy is properly handled.

At our estate planning law firm here in Tyler, we understand the unique challenges modern families face. We are here to help you create an estate plan that covers everything, both traditional and digital.

Call us today to discuss how we can protect your complete financial picture. Visit mytxestateplan.com to learn more.",5/11/2026,DONE,"Your crypto wallet, your nudes, your seventeen passwords written on a Post-it note—these are digital assets. And yes, they matter legally. I've watched families spend more time fighting over a dead guy's Pinterest board than his actual house. So here's what you need to do: make a list of every digital account you own. Include passwords. Update it yearly. Tell your executor where it is. Because nothing says ""I love my family"" like leaving them a digital scavenger hunt. At mytxestateplan.com, we help you handle this properly so your heirs don't need therapy. Visit us today.",,"Your email password dies with you—but your digital life shouldn't. Most estate plans ignore cryptocurrency, online accounts, and digital files until it's too late. Let's make sure your complete digital legacy is protected so your family can access what matters most, not just your bank statements.

Call (903) 561-8644 or visit https://mytxestateplan.com",,,,,,,,,,,4/17/2026
Retirement account estate planning,"Retirement Account Estate Planning in Tyler, TX

Many folks in Tyler don't realize that retirement accounts like IRAs and 401(k)s need special attention in your estate plan. Without proper beneficiary designations and planning, your loved ones could face unexpected taxes or complications when they inherit these accounts.

At our Tyler estate planning law firm, we help East Texas families protect their retirement savings and ensure their wishes are carried out. Whether you have a simple IRA or a substantial 401(k), we can review your beneficiaries, update your designations, and coordinate everything with your overall estate plan.

The good news? A little planning now can save your family thousands in taxes and headaches later. We work with retirees and pre-retirees throughout Smith County to make sure their retirement assets pass smoothly to the next generation.

Want to learn more about protecting your retirement accounts? Call us today. We are here to help you secure your family's financial future. Visit mytxestateplan.com for more information.",5/13/2026,DONE,"Your retirement account isn't going to your kids. It's going to whoever you named as beneficiary in 2003. You know, that person you dated for three months. Yeah, that one.

Look, beneficiary designations override your will. So if your ex-spouse is still listed on your 401k, congratulations, you're funding their retirement from beyond the grave. How romantic.

Here's what actually happens: name your beneficiary, update it after major life events, and for the love of all that's holy, coordinate it with your overall estate plan. I've seen families spend more on litigation than the account was worth. Don't be that family.

Get this right. Visit mytxestateplan.com and schedule a consultation. Because spoiler alert, your current plan is probably a disaster.",,"LinkedIn:

Your 401(k) and IRA might be your biggest assets—but they're probably not set up the way you think. Without proper beneficiary designations and estate planning, your East Texas family could face unexpected taxes and legal headaches when they inherit. We help Tyler families protect their retirement savings and ensure everything passes smoothly to the next generation—call us today at (903) 561-8644 or visit https://mytxestateplan.com.

Facebook:

Here's something that surprises a lot of Tyler families: retirement accounts like IRAs and 401(k)s need special attention in your estate plan, or your loved ones could end up paying thousands in unexpected taxes. The good news? A little planning now can save your family serious money and serious stress. Let's review your beneficiaries together—call (903) 561-8644 or visit https://mytxestateplan.com.",,,,,,,,,,,4/17/2026
401(k) beneficiary planning,"Have you named beneficiaries on your 401(k) plan? Many folks in Tyler overlook this important step, and it can create real problems for your family down the road.

Your 401(k) beneficiary designation bypasses your will entirely, so getting it right matters. Whether you're planning for retirement or want to make sure your East Texas family is protected, we can help you review and update your beneficiary choices.

Life changes like marriage, divorce, or new children happen quickly. Your 401(k) plan documents should reflect your current wishes, not outdated decisions from years ago.

At our Tyler estate planning law firm, we work with families throughout Smith County to coordinate retirement accounts with their overall estate plan. This simple step can save your loved ones time, money, and stress later.

Your retirement savings deserve a solid plan. We are here to help. Call us today to discuss your 401(k) beneficiary planning needs. Visit mytxestateplan.com to learn more.",5/14/2026,DONE,"Your 401(k) is sitting there like a financial time bomb, and nobody knows who gets it when you're gone. Spoiler alert: if you don't name a beneficiary, your ex-spouse might. Yeah, that ex. The one you specifically wrote angry things about in your journal.

Here's the deal. That beneficiary form you filled out in 2003 while eating a sandwich at your desk? That's a legal document. Your will doesn't touch it. Your trust can't touch it. Only that dusty form matters.

Update it. Name someone. Anyone. Your kids, your spouse, your favorite charity—literally anyone but leaving it blank so your estate can spend five years and forty thousand dollars fighting about it in probate court. I've seen families destroyed over less money than this.

Go to mytxestateplan.com. We'll walk you through it. Takes fifteen minutes. Beats family therapy by several thousand dollars and decades of awkward Thanksgivings.",,"Out of sight, out of mind—until it's too late. Your 401(k) beneficiary designation bypasses your will entirely, so if you named your ex-spouse or forgot to add your kids, your retirement savings could go places you never intended. Life changes fast in Tyler, but your beneficiary forms don't update themselves—let's make sure your East Texas family is protected with a quick review. Call (903) 561-8644 or visit https://mytxestateplan.com to coordinate your retirement accounts with your overall estate plan today.",,,,,,,,,,,4/17/2026
Life insurance in estate planning,"Life insurance is one of the most powerful tools in estate planning, and many folks in Tyler don't realize how it can protect their families. When structured correctly, life insurance can provide immediate funds to cover estate taxes, outstanding debts, and living expenses for your loved ones without forcing them to sell family assets.

Whether you're just starting out or updating an existing plan, understanding how life insurance fits into your overall estate strategy is crucial. At our Tyler estate planning firm, we help families navigate these decisions to ensure their financial legacy is secure.

If you're wondering whether life insurance makes sense for your situation, we're here to help. Visit us at mytxestateplan.com to learn more about life insurance in estate planning and how we can guide you through the process.

Give us a call today to discuss your family's needs and start building a plan that works for you.",5/15/2026,DONE,"Your life insurance policy is like a financial time bomb—and I mean that in the best way possible. Most people think it just pays when you die. Wrong. It's actually a powerful estate planning tool that can save your family tens of thousands in taxes and keep them out of probate. Think of it as the responsible sibling who actually shows up to help. You can name your trust as beneficiary, use it to equalize inheritances between kids, or fund a buy-sell agreement if you own a business. I've seen families fight over less than what life insurance could've solved in five minutes. Don't be that family. Visit mytxestateplan.com and let's get your estate plan buttoned up before your family needs a group therapy session instead of an inheritance.",,"Most people think life insurance is just about paying the mortgage if something happens to them. But here's what they're missing: it's actually one of the most powerful tools in estate planning, capable of protecting your family without forcing them to sell the house, business, or other assets to cover taxes and debts. At our Tyler firm, we help families structure life insurance so it works exactly when they need it most. Call (903) 561-8644 or visit https://mytxestateplan.com to see how this fits into your plan.",,,,,,,,,,,4/17/2026
Tax-efficient estate planning,"Planning Your Estate? Don't Forget the Tax Part

Here in Tyler, many folks focus on who gets what in their will but miss a huge opportunity: saving money on taxes. Smart estate planning in Texas can significantly reduce what your heirs owe Uncle Sam.

Whether you're thinking about trusts, gifting strategies, or retirement account beneficiaries, there are real ways to keep more wealth in your family. It's not just about having a plan, it's about having the right plan.

We work with Tyler families and East Texas business owners to create tax-efficient estate plans that actually make sense. Everyone's situation is different, so cookie-cutter solutions don't work.

Want to learn how much you could save? Visit us at mytxestateplan.com or give us a call today. We're here to help you build an estate plan that protects your family and your legacy.",5/16/2026,DONE,"Your heirs don't need to fund the IRS's retirement. I do estate planning in Tyler, and I've seen families lose forty percent of their wealth to taxes because someone thought a will was enough. Spoiler alert: it wasn't.

Here's what actually works. Trusts, charitable giving strategies, and proper beneficiary designations can save your family hundreds of thousands. I had a client last month—nice guy, terrible plan—who could've saved his kids sixty grand with one conversation. He didn't have that conversation.

Don't be that guy.

Visit mytxestateplan.com today. Let's make sure your legacy goes to your family, not the government.",,"Most Tyler families focus on who gets their stuff, not what they owe in taxes—and that's costing them big money. Smart estate planning in Texas can dramatically reduce what your heirs pay Uncle Sam through trusts, gifting strategies, and strategic beneficiary designations. Let us show you how to keep more wealth in your family, not the government's pocket.

Call (903) 561-8644 or visit https://mytxestateplan.com",,,,,,,,,,,4/17/2026